Project Name,Project Type,Technology,Stakeholder,Manager,Start Date,End Date,,,,,,
Project 1,Type 1,Tech 1,Stakeholder1,Manager1,1/1/20,1/1/21,,,,,,
Project 2,,Tech 2,Stakeholder2,Manager2,2/1/20,2/1/21,,,,,,
Project 3,,Tech 3,Stakeholder3,Manager3,3/1/20,3/1/21,,,,,,
Project 4,,Tech 4,Stakeholder4,Manager4,4/1/20,4/1/21,,,,,,
Project 5,,Tech 5,Stakeholder5,Manager5,5/1/20,5/1/21,,,,,,
Project 6,,Tech 6,Stakeholder6,Manager6,6/1/20,6/1/21,,,,,,
Project 7,,Tech 7,Stakeholder7,Manager7,7/1/20,7/1/21,,,,,,
Project 8,,Tech 8,Stakeholder8,Manager8,8/1/20,8/1/21,,,,,,
Project 9,,Tech 9,Stakeholder9,Manager9,9/1/20,9/1/21,,,,,,
Project 10,,Tech 10,Stakeholder10,Manager10,,10/1/21,,,,,,
Project 11,,Tech 11,Stakeholder11,Manager11,,11/1/21,,,,,,
Project 12,,Tech 12,Stakeholder12,Manager12,,12/1/21,,,,,,
Project 13,Type 13,Tech 13,Stakeholder13,Manager13,,13/1/21,,,,,,
Project 14,Type 14,Tech 14,Stakeholder14,Manager14,14/1/20,14/1/21,,,,,,
Project 15,Type 15,Tech 15,Stakeholder15,Manager15,15/1/20,15/1/21,,,,,,
,Type 16,Tech 16,Stakeholder16,Manager16,16/1/20,16/1/21,,,,,,
,Type 17,Tech 17,Stakeholder17,Manager17,17/1/20,17/1/21,,,,,,
Project 18,Type 18,Tech 18,Stakeholder18,Manager18,18/1/20,18/1/21,,,,,,
Project 19,Type 19,Tech 19,Stakeholder19,Manager19,,19/1/21,,,,,,
Project 20,Type 20,Tech 20,Stakeholder20,Manager20,,20/1/21,,,,,,
Project 21,Type 21,Tech 21,Stakeholder21,Manager21,,21/1/21,,,,,,
Project 22,Type 22,Tech 22,Stakeholder22,Manager22,,22/1/21,,,,,,
Project 23,Type 23,Tech 23,Stakeholder23,Manager23,23/1/20,23/1/21,,,,,,
Project 24,Type 24,Tech 24,Stakeholder24,Manager24,24/1/20,24/1/21,,,,,,
Project 25,Type 25,Tech 25,Stakeholder25,Manager25,25/1/20,25/1/21,,,,,,
Project 26,,Tech 26,Stakeholder26,Manager26,26/1/20,26/1/21,,,,,,
Project 27,,Tech 27,Stakeholder27,Manager27,27/1/20,27/1/21,,,,,,
Project 28,,Tech 28,Stakeholder28,Manager28,28/1/20,28/1/21,,,,,,
Project 29,,Tech 29,Stakeholder29,Manager29,29/1/20,29/1/21,,,,,,
Project 30,Type 30,Tech 30,Stakeholder30,Manager30,30/1/20,30/1/21,,,,,,
Project 31,Type 31,Tech 31,Stakeholder31,Manager31,31/1/20,31/1/21,,,,,,
,Type 32,Tech 32,Stakeholder32,Manager32,1/2/20,1/2/21,,,,,,
,Type 33,Tech 33,Stakeholder33,Manager33,2/2/20,2/2/21,,,,,,
Project 34,Type 34,Tech 34,Stakeholder34,Manager34,3/2/20,3/2/21,,,,,,